name,price,asin,seller,categoria,rank,valoracion_media,busqueda,marketplace,start_date
"KFoam.es Colchón Plegable con Viscoelástica para Volkswagen T4, T5, T6, Multivan, California Beach y Caravelle 185x148x8 cm","195,99 €",B07PY3GM9P,KFoam,Hogar y cocina,6678,"4,4",Colchón,amazon.es,25 de marzo de 2019
Simba Colchón Premium de 7 Zonas de Espuma Individual 90 x 190 cm | Firme Mediana | Fabricado en el Reino Unido,"320,21 €",B083WM3XQC,,,,"3,9",Colchón,amazon.es,22 de febrero de 2020
Imperial Confort Helsinki - Colchón Viscoelástico de grafeno - Doble cara (invierno/verano) - Grosor 25 cm - 90x190,"120,29 €",B07DKPHTRH,,,,"4,3",Colchón,amazon.es,
"HOME Colchón 150x190cm Viscoelastico Memory Vex Foam 27cm Altura, 5cm viscoprogresion Grafeno","229,99 €",B081ZCZGTT,Magashops,,,"4,4",Colchón,amazon.es,
"Dagostino Home– Colchón Viscoelástico 20 cm, Blanco, 105x190, Firmeza Media-Alta, Reversible.","95,99 €",B07V5BXRMD,DAGOSTINOHOME,Hogar y cocina,2167,"4,2",Colchón,amazon.es,8 de julio de 2019
