,"b""Date",Marketplace,MSKU,FNSKU,Asin,Product Name,Condition,Fulfilled By,Total Quantity (Sellable),Estimated Excess,Days Of Supply,Excess Threshold,Units Sold - Last 7 Days,Units Sold - Last 30 Days,Units Sold - Last 60 Days,Units Sold - Last 90 Days,Alert,Your Price,Lowest Price (Includes Shipping),Buybox Price,Recommended action,Healthy Inventory Level,Recommended sales price,Recommended sale duration (days),Estimated total storage cost,Recommended Removal Quantity,Estimated cost savings of removal
0,2020-08-18,amazon.co.uk,IWLPF00565FX/BKXXL AMZ,X0014S8F6V,B00R4LBTEE,"IZASWomen's Fleece Jacket - fuchsia / black , 2X-Large",New,Amazon,3,3,226,,0,0,0,0,Low Traffic,GBP 15.39,GBP 15.39,GBP 15.80,Improve recommendations,3,15.39,0,70.81378217864999,0,0.0
1,2020-08-18,amazon.de,IWLPF00565FX/BKXXL AMZ,X0014S8F6V,B00R4LBTEE,IZAS Polar Futterjacke Wheeler,New,Amazon,3,3,226,,0,0,0,0,Low Traffic,EUR 16.99,EUR 16.99,EUR 16.99,Improve recommendations,3,16.99,0,78.256785,0,0.0
2,2020-08-18,amazon.fr,IWLPF00565FX/BKXXL AMZ,X0014S8F6V,B00R4LBTEE,Veste de Doublure Polaire Wheeler,New,Amazon,3,3,226,,0,0,0,0,Low Traffic,EUR 16.99,EUR 16.44,EUR 16.44,Improve recommendations,3,16.99,0,78.256785,0,0.0
3,2020-08-18,amazon.es,IWLPF00565FX/BKXXL AMZ,X0014S8F6V,B00R4LBTEE,Izas Chaqueta Forro Polar Wheeler,New,Amazon,3,3,226,,0,0,0,0,Low Conversion,EUR 16.99,EUR 16.99,EUR 16.99,Improve recommendations,3,16.99,0,78.256785,0,0.0
4,2020-08-18,amazon.it,IWLPF00565FX/BKXXL AMZ,X0014S8F6V,B00R4LBTEE,"Izas Wheeler Giacca di Pile, Fucsia, XXL",New,Amazon,3,3,226,,0,0,0,0,Low Traffic,EUR 16.99,EUR 16.99,EUR 16.99,Improve recommendations,3,16.99,0,78.256785,0,0.0
5,2020-08-18,amazon.co.uk,IMLPF00352BKS AMZ,B01DBWXQEA,B01DBWXQEA,"IZAS Men's Sutton Polar Fleece Jersey, Black, Small",New,Amazon,4,2,197,,0,0,0,0,Low Traffic,GBP 11.63,GBP 11.63,GBP 11.65,Improve recommendations,0,11.63,0,45.34613814969,0,33.42601200728445
6,2020-08-18,amazon.de,IMLPF00352BKS AMZ,B01DBWXQEA,B01DBWXQEA,IZAS Jacke Fleecejacke Sutton,New,Amazon,4,2,197,,0,0,0,0,Low Conversion,EUR 12.84,EUR 10.38,EUR 10.38,Improve recommendations,0,12.84,0,50.112321,0,36.939309758406495
7,2020-08-18,amazon.fr,IMLPF00352BKS AMZ,B01DBWXQEA,B01DBWXQEA,Veste Polaire Sutton,New,Amazon,4,2,197,,0,0,0,0,Low Traffic,EUR 12.84,EUR 10.70,EUR 10.70,Improve recommendations,0,12.84,0,50.112321,0,36.939309758406495
8,2020-08-18,amazon.es,IMLPF00352BKS AMZ,B01DBWXQEA,B01DBWXQEA,"Izas - Sutton - Black - S, para Hombre",New,Amazon,4,2,197,,0,0,0,0,Low Conversion,EUR 12.84,EUR 10.76,EUR 10.76,Create sale,0,9.84,63,50.112321,0,36.939309758406495
